{"cameraMode":{"drawMode":0,"name":"Shaded","section":"Shading Mode"},"sceneLighting":true,"audioPlay":false,"sceneViewState":{"showFog":true,"showMaterialUpdate":false,"showSkybox":true,"showFlares":true,"showImageEffects":true,"showParticleSystems":true},"in2DMode":false,"pivot":{"x":14.23292064666748,"y":9.63425350189209,"z":2.0877315998077394},"rotation":{"x":0.13338550925254823,"y":-0.7920946478843689,"z":0.1868014633655548,"w":0.5655967593193054},"size":6.583062171936035,"orthographic":true}